{
  "vendedores": [
    {
      "id": 1,
      "nome": "Rui Maria",
      "capacidade": 100.0,
      "mercados_a_visitar": [
        "mercadinho1",
        "mercadinho1",
        "mercado1"
      ]
    },
    {
      "id": 2,
      "nome": "José Carlos",
      "capacidade": 10.0,
      "mercados_a_visitar": []
    }
  ],
  "locais": [
    {
      "nome": "empresa",
      "tipo": "Sede"
    },
    {
      "nome": "mercadinho1",
      "tipo": "Mercado",
      "clientes": [
        50.0,
        40.0,
        10.0
      ]
    },
    {
      "nome": "mercado2",
      "tipo": "Mercado",
      "clientes": []
    },
    {
      "nome": "mercado1",
      "tipo": "Mercado",
      "clientes": []
    },
    {
      "nome": "armazem1",
      "tipo": "Armazém",
      "capacidade": 500.0,
      "stock": 200.0
    },
    {
      "nome": "armazem2",
      "tipo": "Armazém",
      "capacidade": 502.0,
      "stock": 220.0
    }
  ],
  "caminhos": [
    {
      "de": "empresa",
      "para": "armazem1",
      "distancia": 30.0
    },
    {
      "de": "armazem1",
      "para": "empresa",
      "distancia": 30.0
    },
    {
      "de": "armazem1",
      "para": "armazem2",
      "distancia": 50.0
    },
    {
      "de": "armazem2",
      "para": "armazem1",
      "distancia": 50.0
    }
  ]
}