{
  "vendedores": [
    {
      "id": 0,
      "nome": "Rui Maria",
      "capacidade": 100.0,
      "mercados_a_visitar": [
        "mercadinho1",
        "mercadinho1",
        "mercado1"
      ]
    },
    {
      "id": 1,
      "nome": "José Carlos",
      "capacidade": 10.0,
      "mercados_a_visitar": [
        "mercado2"
      ]
    }
  ],
  "locais": [
    {
      "nome": "empresImportTeste2",
      "tipo": "Sede"
    },
    {
      "nome": "mercadinho1",
      "tipo": "Mercado",
      "clientes": [
        10.0,
        40.0,
        50.0
      ]
    },
    {
      "nome": "mercado1",
      "tipo": "Mercado",
      "clientes": []
    },
    {
      "nome": "mercado2",
      "tipo": "Mercado",
      "clientes": [
        1.0
      ]
    },
    {
      "nome": "armazém1",
      "tipo": "Armazém",
      "capacidade": 500.0,
      "stock": 300.0
    },
    {
      "nome": "armazem2",
      "tipo": "Armazém",
      "capacidade": 502.0,
      "stock": 220.0
    },
    {
      "nome": "armazem1",
      "tipo": "Armazém",
      "capacidade": 550.0,
      "stock": 250.0
    }
  ],
  "caminhos": []
}